id,first_name,last_name,email,gender,ip_address
1,Jeri,Stanlick,jstanlick0@wikia.com,Female,122.119.147.82
2,Lorita,Girodin,lgirodin1@nhs.uk,Female,3.200.208.79
3,Bevin,Cordeiro,bcordeiro2@infoseek.co.jp,Male,143.255.192.15
4,Thibaut,Farmloe,tfarmloe3@godaddy.com,Male,249.103.28.209
5,Wilden,De Bernardi,wdebernardi4@sakura.ne.jp,Male,3.77.73.241
6,Booth,Livick,blivick5@pbs.org,Male,145.118.36.184
7,Donnie,Donahue,ddonahue6@adobe.com,Female,160.126.201.163
8,Mozelle,Cutchee,mcutchee7@google.com.au,Female,136.90.224.63
9,Paulita,Radleigh,pradleigh8@nasa.gov,Female,141.31.141.255
10,William,Bostock,wbostock9@zimbio.com,Male,23.149.168.214
11,Murielle,Shenfish,mshenfisha@fda.gov,Female,180.184.114.168
12,Ursola,Hamil,uhamilb@ucoz.com,Female,101.234.25.113
13,Maggi,Sword,mswordc@dailymotion.com,Female,202.144.69.53
14,Kennedy,de Savery,kdesaveryd@google.pl,Male,1.10.7.184
15,Mayor,Boggish,mboggishe@nbcnews.com,Male,167.205.54.199
16,Bart,Colum,bcolumf@salon.com,Bigender,14.13.76.236
17,Ferrel,Roaf,froafg@tiny.cc,Male,154.133.53.48
18,Walliw,Roome,wroomeh@arizona.edu,Bigender,221.181.171.211
19,Beauregard,Isard,bisardi@npr.org,Bigender,106.40.21.145
20,Cletis,Klewer,cklewerj@amazon.com,Male,253.203.184.23
21,Julianna,Godly,jgodlyk@alexa.com,Female,4.128.233.238
22,Tammi,Georgi,tgeorgil@reverbnation.com,Female,166.45.126.112
23,Millicent,Dubois,mduboism@squidoo.com,Female,235.81.82.236
24,Kally,Scadding,kscaddingn@posterous.com,Female,62.247.150.88
25,Darci,Dymott,ddymotto@virginia.edu,Female,157.76.240.191
26,Idaline,English,ienglishp@indiegogo.com,Female,41.218.191.207
27,Bordy,Iiannone,biiannoneq@exblog.jp,Non-binary,245.182.47.2
28,Susanna,Massingberd,smassingberdr@va.gov,Female,6.212.199.124
29,Garvy,Mollett,gmolletts@tamu.edu,Male,145.14.229.75
30,Valentine,McKew,vmckewt@drupal.org,Female,179.185.150.249
31,Cal,Rosenbusch,crosenbuschu@huffingtonpost.com,Male,164.221.22.243
32,Klaus,Haylock,khaylockv@meetup.com,Male,148.55.105.180
33,Dukie,Dalrymple,ddalrymplew@sun.com,Male,104.124.161.4
34,Ransell,Tabour,rtabourx@google.nl,Male,248.155.179.192
35,Stacy,Dunhill,sdunhilly@over-blog.com,Female,168.184.109.97
36,Miriam,Sahnow,msahnowz@latimes.com,Female,40.207.150.217
37,Marie-ann,Summerside,msummerside10@ycombinator.com,Female,81.51.201.154
38,Nathan,Crayden,ncrayden11@hibu.com,Male,42.13.175.132
39,Celie,Jost,cjost12@dedecms.com,Female,98.153.209.153
40,Ebeneser,Dohmann,edohmann13@npr.org,Male,232.241.242.234
41,Kinnie,Terzi,kterzi14@tumblr.com,Male,65.10.7.183
42,Garrik,Crowter,gcrowter15@admin.ch,Male,33.109.41.232
43,Ardis,McGorley,amcgorley16@dell.com,Female,75.6.99.64
44,Noni,Kunisch,nkunisch17@live.com,Female,114.62.120.222
45,Anabal,Fishwick,afishwick18@huffingtonpost.com,Female,227.158.75.165
46,Theodor,McBride,tmcbride19@livejournal.com,Male,246.105.121.145
47,Ichabod,Le Frank,ilefrank1a@blogtalkradio.com,Male,152.32.29.92
48,Twila,Raggitt,traggitt1b@tinyurl.com,Female,40.61.238.243
49,Jasen,Foulds,jfoulds1c@geocities.jp,Male,4.225.167.131
50,Salvatore,Bonsul,sbonsul1d@ucoz.ru,Male,218.78.217.78
51,Andra,Haig,ahaig1e@infoseek.co.jp,Polygender,57.173.6.235
52,Kristal,Joseland,kjoseland1f@weebly.com,Genderfluid,67.242.59.30
53,Launce,Nyland,lnyland1g@hubpages.com,Male,218.248.130.42
54,Chiarra,Stiggles,cstiggles1h@illinois.edu,Female,142.223.70.208
55,Michale,Sexcey,msexcey1i@studiopress.com,Male,136.242.134.106
56,Hannie,Gietz,hgietz1j@soup.io,Female,52.19.248.171
57,Russ,Kingett,rkingett1k@disqus.com,Male,125.155.154.65
58,Lilla,Peacop,lpeacop1l@ted.com,Female,48.16.229.128
59,Eugen,Ferier,eferier1m@bravesites.com,Male,131.45.185.134
60,Seamus,Hadrill,shadrill1n@reuters.com,Male,0.52.197.63
61,Albina,Bowstead,abowstead1o@businessinsider.com,Female,156.49.213.223
62,Camilla,Tween,ctween1p@networksolutions.com,Female,228.96.101.161
63,Gabbey,Lachaize,glachaize1q@phpbb.com,Female,75.91.229.66
64,Reine,Girauld,rgirauld1r@nymag.com,Polygender,171.180.207.80
65,Jason,Normanvell,jnormanvell1s@meetup.com,Male,63.23.185.181
66,Buffy,Algy,balgy1t@blog.com,Female,168.79.147.138
67,Mora,Beningfield,mbeningfield1u@theatlantic.com,Female,238.81.189.14
68,Connor,Spilling,cspilling1v@gmpg.org,Male,216.67.217.198
69,Cherilyn,Rubenchik,crubenchik1w@constantcontact.com,Female,0.204.179.37
70,Umeko,O' Scallan,uoscallan1x@thetimes.co.uk,Female,62.34.13.51
71,Darice,Ewles,dewles1y@jigsy.com,Female,163.108.115.95
72,Gale,D'Hooghe,gdhooghe1z@goo.ne.jp,Female,93.182.60.29
73,Pammi,McKerley,pmckerley20@xrea.com,Female,76.22.108.240
74,Keefer,Van der Mark,kvandermark21@lycos.com,Male,170.162.228.181
75,Byram,McKintosh,bmckintosh22@mlb.com,Male,255.231.90.45
76,Susanetta,Sutterfield,ssutterfield23@tuttocitta.it,Female,142.140.140.57
77,Brewer,Foy,bfoy24@imdb.com,Genderqueer,213.195.63.104
78,Meg,Poytheras,mpoytheras25@live.com,Genderqueer,38.186.46.162
79,Joella,Bischoff,jbischoff26@sciencedirect.com,Female,81.61.249.52
80,Addison,Bastian,abastian27@nsw.gov.au,Male,163.171.228.163
81,Slade,Sparshutt,ssparshutt28@delicious.com,Male,171.249.20.198
82,Mada,Smylie,msmylie29@aol.com,Female,236.101.18.99
83,Ronda,Hanks,rhanks2a@weather.com,Female,77.101.72.41
84,Wiley,Allinson,wallinson2b@networkadvertising.org,Male,180.217.232.199
85,Brianna,Creavan,bcreavan2c@wunderground.com,Female,102.50.24.73
86,Creight,Minall,cminall2d@stanford.edu,Male,56.242.235.186
87,Ira,Moxstead,imoxstead2e@businessinsider.com,Male,227.22.170.28
88,Patricia,Elsbury,pelsbury2f@google.com,Agender,90.114.64.162
89,Glynda,Blaxter,gblaxter2g@oakley.com,Female,131.104.3.148
90,Morie,Lafrentz,mlafrentz2h@boston.com,Male,255.62.5.251
91,Enrika,Hum,ehum2i@rakuten.co.jp,Genderfluid,4.189.152.185
92,Page,Daniely,pdaniely2j@mayoclinic.com,Male,227.99.214.128
93,Meggi,Poizer,mpoizer2k@is.gd,Female,102.25.68.48
94,Mic,Beloe,mbeloe2l@surveymonkey.com,Male,109.2.174.66
95,Rand,Riepel,rriepel2m@lycos.com,Male,151.120.210.4
96,Burgess,Whopples,bwhopples2n@stanford.edu,Male,229.90.243.57
97,Hannah,D'Errico,hderrico2o@imgur.com,Female,246.238.105.113
98,Jan,Bunt,jbunt2p@gmpg.org,Female,4.37.246.9
99,Sabrina,Shropsheir,sshropsheir2q@smugmug.com,Female,45.234.136.24
100,Reg,Iacovielli,riacovielli2r@livejournal.com,Male,106.40.62.123
101,Keene,Harrop,kharrop2s@imgur.com,Male,235.14.69.8
102,Beale,Pittel,bpittel2t@friendfeed.com,Male,114.105.195.29
103,Boycie,Sturge,bsturge2u@skyrock.com,Male,37.115.28.166
104,Tucker,Hinksen,thinksen2v@g.co,Male,6.13.49.228
105,Zelig,Venn,zvenn2w@myspace.com,Genderfluid,88.132.115.177
106,Cleon,Keenlyside,ckeenlyside2x@google.it,Male,35.155.233.131
107,Gunilla,Joppich,gjoppich2y@dyndns.org,Female,34.168.69.229
108,Celinda,Lamanby,clamanby2z@redcross.org,Female,71.127.3.199
109,Renado,Waldie,rwaldie30@weibo.com,Polygender,209.74.134.236
110,Ethelred,Tallow,etallow31@cnet.com,Male,143.156.141.44
111,Antonina,Davidofski,adavidofski32@so-net.ne.jp,Genderqueer,79.148.227.20
112,Brooks,Conti,bconti33@usa.gov,Non-binary,162.39.73.132
113,Paddy,Buzin,pbuzin34@posterous.com,Genderqueer,137.131.23.201
114,Morissa,Lukehurst,mlukehurst35@eepurl.com,Female,226.121.73.8
115,Correy,D'Ugo,cdugo36@jimdo.com,Bigender,17.192.150.85
116,Sigvard,Stuckes,sstuckes37@nyu.edu,Non-binary,16.31.89.154
117,Matthieu,Antczak,mantczak38@noaa.gov,Male,87.173.12.41
118,Murdoch,Hallad,mhallad39@smh.com.au,Male,102.128.52.10
119,Babb,Gravener,bgravener3a@yahoo.co.jp,Female,0.110.229.44
120,Jordan,Brazur,jbrazur3b@jimdo.com,Female,134.5.156.57
121,Becki,Rosenhaus,brosenhaus3c@netvibes.com,Bigender,60.243.44.118
122,Anny,Mayou,amayou3d@instagram.com,Female,93.228.38.9
123,Felipe,Hardbattle,fhardbattle3e@zdnet.com,Male,121.215.47.139
124,Temple,Ianittello,tianittello3f@paginegialle.it,Male,117.92.13.159
125,Lorin,Cloonan,lcloonan3g@elegantthemes.com,Male,21.222.221.233
126,Christophorus,Dugdale,cdugdale3h@xing.com,Agender,22.53.251.7
127,Eldin,Chalfont,echalfont3i@usgs.gov,Polygender,91.1.60.78
128,Liv,Zanetto,lzanetto3j@theglobeandmail.com,Female,171.79.62.87
129,Rhody,Maneylaws,rmaneylaws3k@woothemes.com,Female,107.199.113.232
130,Kellen,Ickovici,kickovici3l@diigo.com,Male,188.113.158.209
131,Coral,Birkwood,cbirkwood3m@meetup.com,Female,129.191.8.145
132,Evelin,Eversley,eeversley3n@bigcartel.com,Male,169.0.121.10
133,Ephraim,Bleiman,ebleiman3o@hugedomains.com,Male,85.38.192.80
134,Ignaz,De Freyne,idefreyne3p@nymag.com,Bigender,61.103.162.206
135,Juliette,Edmonds,jedmonds3q@msu.edu,Female,6.34.17.45
136,Riley,Chellam,rchellam3r@qq.com,Bigender,12.134.53.197
137,Giulietta,Downing,gdowning3s@mapy.cz,Non-binary,68.203.207.180
138,Kerwin,Benesevich,kbenesevich3t@spiegel.de,Male,119.13.132.26
139,Arthur,Kaser,akaser3u@yellowbook.com,Male,3.21.235.80
140,Brana,Asser,basser3v@cornell.edu,Female,161.54.18.226
141,Dona,Kenrack,dkenrack3w@ustream.tv,Female,34.174.218.79
142,Merv,Reven,mreven3x@yelp.com,Male,123.74.113.231
143,Hersch,Hebble,hhebble3y@edublogs.org,Male,7.48.183.86
144,Wendy,Telford,wtelford3z@exblog.jp,Female,60.93.219.143
145,Randene,Colvill,rcolvill40@scribd.com,Female,246.246.77.8
146,Rena,Terzi,rterzi41@so-net.ne.jp,Female,191.52.249.62
147,Dionis,Orrum,dorrum42@dot.gov,Female,101.161.16.12
148,Andria,Rottery,arottery43@marketwatch.com,Female,197.210.209.209
149,Carlita,Avrahamy,cavrahamy44@topsy.com,Female,92.61.7.54
150,Griff,Anmore,ganmore45@buzzfeed.com,Male,92.70.226.131
151,Silas,Worral,sworral46@dagondesign.com,Male,88.120.8.176
152,Gabe,Pretsell,gpretsell47@spotify.com,Male,124.200.67.33
153,Othilie,Gerriessen,ogerriessen48@artisteer.com,Female,15.52.192.98
154,Valenka,Blackleech,vblackleech49@businessweek.com,Female,152.180.118.73
155,Ric,Grumell,rgrumell4a@java.com,Male,214.75.206.190
156,Jenica,Cobon,jcobon4b@economist.com,Female,198.13.141.249
157,Eirena,Dunstan,edunstan4c@ustream.tv,Non-binary,161.246.58.163
158,Melisenda,Stronghill,mstronghill4d@freewebs.com,Female,58.105.159.124
159,Dusty,Lalor,dlalor4e@auda.org.au,Polygender,60.121.105.158
160,Felecia,Treske,ftreske4f@goo.gl,Female,134.130.153.253
161,Rennie,Jurick,rjurick4g@deviantart.com,Female,55.32.11.94
162,Myrta,Martill,mmartill4h@huffingtonpost.com,Female,241.176.229.181
163,Tiphany,Paolacci,tpaolacci4i@elegantthemes.com,Female,221.242.252.184
164,Emile,Penbarthy,epenbarthy4j@imgur.com,Male,202.215.251.66
165,Suellen,Cornock,scornock4k@nsw.gov.au,Polygender,151.156.239.162
166,Lesley,Kubalek,lkubalek4l@nature.com,Male,9.23.211.196
167,Jedidiah,Rabley,jrabley4m@pcworld.com,Male,33.192.59.143
168,Hy,Kane,hkane4n@amazonaws.com,Male,96.235.248.156
169,Rolfe,Shopcott,rshopcott4o@nih.gov,Male,48.41.211.151
170,Marin,Crosseland,mcrosseland4p@google.cn,Female,65.189.247.196
171,Micheal,Sandford,msandford4q@naver.com,Polygender,205.59.5.132
172,Udell,Morley,umorley4r@state.tx.us,Male,110.170.141.172
173,Kay,Sweatland,ksweatland4s@amazon.co.uk,Female,43.184.228.7
174,Tara,Sparrowe,tsparrowe4t@usa.gov,Female,97.123.102.29
175,Pepe,Beedom,pbeedom4u@paypal.com,Male,39.140.38.59
176,Delano,Eisenberg,deisenberg4v@scribd.com,Male,8.234.27.224
177,Marleah,Cuss,mcuss4w@reference.com,Female,161.163.192.213
178,Connie,Franchioni,cfranchioni4x@de.vu,Male,233.161.181.195
179,Adrien,Beran,aberan4y@zdnet.com,Male,36.228.44.44
180,Chrissie,Goldthorp,cgoldthorp4z@canalblog.com,Male,168.192.2.64
181,Keriann,Winterborne,kwinterborne50@blogger.com,Female,165.171.23.94
182,Bruno,Buckthought,bbuckthought51@ebay.co.uk,Male,135.105.157.24
183,Jesselyn,Guerriero,jguerriero52@cafepress.com,Female,224.77.69.251
184,Hoebart,Stoppe,hstoppe53@pcworld.com,Male,211.40.204.28
185,Teodor,Chestney,tchestney54@vinaora.com,Male,106.152.87.139
186,Benetta,Bumphries,bbumphries55@typepad.com,Female,210.32.218.82
187,Rhetta,Songist,rsongist56@un.org,Female,131.21.20.115
188,Issy,Kingzett,ikingzett57@mac.com,Female,214.231.199.94
189,Rosalinda,Peschka,rpeschka58@biglobe.ne.jp,Female,168.52.244.6
190,Allistir,Milksop,amilksop59@reuters.com,Male,221.223.95.59
191,Rasla,Marin,rmarin5a@wsj.com,Female,157.77.87.28
192,Lela,Shelford,lshelford5b@goodreads.com,Female,220.154.226.167
193,Wait,Garter,wgarter5c@ehow.com,Male,51.187.38.60
194,Alisha,Chaize,achaize5d@webmd.com,Female,118.197.167.196
195,Inga,Draycott,idraycott5e@studiopress.com,Female,166.28.130.18
196,Nicol,Parish,nparish5f@t-online.de,Female,145.133.53.49
197,Caryn,Campany,ccampany5g@lycos.com,Female,13.0.243.16
198,Jilly,McCutheon,jmccutheon5h@constantcontact.com,Female,224.248.246.15
199,Edeline,Giscken,egiscken5i@scientificamerican.com,Female,141.56.74.14
200,Ayn,Bowdidge,abowdidge5j@so-net.ne.jp,Female,150.98.15.8
201,Algernon,McGrady,amcgrady5k@fc2.com,Male,46.99.187.141
202,Brady,Piatkowski,bpiatkowski5l@xinhuanet.com,Male,146.237.218.53
203,Merrick,Mayfield,mmayfield5m@wunderground.com,Male,221.88.73.205
204,Angus,Attlee,aattlee5n@economist.com,Male,83.157.72.72
205,Roanne,Elgey,relgey5o@cam.ac.uk,Female,197.227.7.16
206,Nanny,Deeks,ndeeks5p@cnbc.com,Female,221.46.12.63
207,Porty,Rumke,prumke5q@google.com.br,Male,72.86.11.116
208,Sandor,Gatehouse,sgatehouse5r@auda.org.au,Male,167.225.37.91
209,Sim,Mangam,smangam5s@networkadvertising.org,Male,10.69.0.142
210,Jobye,Ambroisin,jambroisin5t@abc.net.au,Female,4.230.242.28
211,Penny,Rabbatts,prabbatts5u@ihg.com,Female,187.150.254.185
212,Brennan,Lidington,blidington5v@parallels.com,Male,102.32.224.193
213,Norma,Smeed,nsmeed5w@hubpages.com,Female,1.167.80.214
214,Claiborn,McCheyne,cmccheyne5x@newsvine.com,Male,117.20.162.165
215,Amerigo,Potkins,apotkins5y@twitpic.com,Male,93.89.213.206
216,Ingemar,Purselowe,ipurselowe5z@google.co.jp,Bigender,136.145.243.71
217,Shanta,Chellingworth,schellingworth60@gravatar.com,Female,222.179.142.147
218,Trina,Kleis,tkleis61@opensource.org,Female,32.178.173.65
219,Davide,Duffett,dduffett62@craigslist.org,Male,118.179.187.142
220,Worth,Barnsdale,wbarnsdale63@java.com,Male,203.160.64.189
221,Sybille,Falvey,sfalvey64@last.fm,Female,253.174.234.216
222,Ariella,Marion,amarion65@rakuten.co.jp,Bigender,15.32.180.27
223,Auria,Cathel,acathel66@theatlantic.com,Female,246.19.179.91
224,Marianne,Claxson,mclaxson67@webeden.co.uk,Female,77.106.244.171
225,Arlana,Storrah,astorrah68@ovh.net,Female,237.161.84.234
226,Penn,Rosenblad,prosenblad69@census.gov,Male,85.67.186.32
227,Meghann,Monkleigh,mmonkleigh6a@google.co.jp,Polygender,78.88.123.109
228,Baudoin,Creighton,bcreighton6b@baidu.com,Polygender,146.188.255.55
229,Farly,Pittson,fpittson6c@trellian.com,Non-binary,29.203.204.97
230,Vinni,Steinson,vsteinson6d@dmoz.org,Female,107.133.83.61
231,Jeniffer,Grim,jgrim6e@intel.com,Female,123.33.108.70
232,Ilse,Grevel,igrevel6f@wsj.com,Female,152.40.192.103
233,Ardine,Sciusscietto,asciusscietto6g@slashdot.org,Polygender,98.47.145.180
234,Ulrikaumeko,Klarzynski,uklarzynski6h@wikispaces.com,Female,96.123.243.56
235,Cindie,Linwood,clinwood6i@cocolog-nifty.com,Female,182.89.71.72
236,Nissie,Lowseley,nlowseley6j@gizmodo.com,Female,176.141.2.29
237,Erich,Mountfort,emountfort6k@alibaba.com,Bigender,133.69.33.159
238,Kerwin,Boyer,kboyer6l@rakuten.co.jp,Male,56.10.245.56
239,Cullie,Hakey,chakey6m@yahoo.co.jp,Male,31.60.64.19
240,Butch,Morais,bmorais6n@google.co.uk,Male,236.192.213.165
241,Milt,Standish-Brooks,mstandishbrooks6o@answers.com,Male,149.95.103.178
242,Jacinta,Nelles,jnelles6p@istockphoto.com,Non-binary,189.134.136.214
243,Salim,Langhorn,slanghorn6q@gnu.org,Male,27.183.46.84
244,Marieann,McCann,mmccann6r@google.co.jp,Female,172.197.252.190
245,Kikelia,Atcheson,katcheson6s@jigsy.com,Female,80.164.225.13
246,Dwayne,Petry,dpetry6t@mozilla.org,Male,6.78.191.244
247,Eb,Cutting,ecutting6u@intel.com,Male,102.158.88.119
248,Reggie,Limbourne,rlimbourne6v@nifty.com,Male,112.108.194.226
249,Imelda,Chase,ichase6w@com.com,Genderfluid,22.140.178.29
250,Saundra,Stanion,sstanion6x@jimdo.com,Male,32.77.135.14
251,Agnes,Cave,acave6y@gravatar.com,Female,255.188.85.197
252,Jamima,Curbishley,jcurbishley6z@cornell.edu,Female,80.54.99.48
253,Zorina,Whyley,zwhyley70@amazon.co.jp,Female,210.147.146.235
254,Ara,Baltrushaitis,abaltrushaitis71@domainmarket.com,Female,116.147.30.168
255,Lindsey,Crumpton,lcrumpton72@booking.com,Male,196.148.166.88
256,Hamid,Kassel,hkassel73@mediafire.com,Male,248.6.253.121
257,Carlin,Glanister,cglanister74@vkontakte.ru,Female,255.220.15.247
258,Tynan,Attenbarrow,tattenbarrow75@vistaprint.com,Male,175.231.99.204
259,Claude,Brownfield,cbrownfield76@wiley.com,Female,158.81.32.23
260,Dallas,Janovsky,djanovsky77@tiny.cc,Female,80.36.84.111
261,Arlan,Greensitt,agreensitt78@dot.gov,Male,217.230.145.242
262,Douglas,Brixey,dbrixey79@omniture.com,Male,191.185.154.72
263,Gregory,Heinzel,gheinzel7a@nba.com,Male,211.161.98.82
264,Corabel,Dalloway,cdalloway7b@e-recht24.de,Female,91.107.87.143
265,Reiko,Melledy,rmelledy7c@comsenz.com,Female,115.172.103.28
266,Casey,Barthropp,cbarthropp7d@elpais.com,Female,168.130.236.87
267,Elianora,Rodie,erodie7e@cpanel.net,Female,188.175.87.247
268,Bathsheba,Pellman,bpellman7f@geocities.jp,Female,160.196.120.71
269,Shanta,Chesworth,schesworth7g@lycos.com,Polygender,22.184.22.237
270,Kaycee,Manford,kmanford7h@mysql.com,Female,154.101.31.5
271,Normie,Banbrick,nbanbrick7i@behance.net,Male,145.106.83.69
272,Jordan,Bosward,jbosward7j@google.com.au,Non-binary,208.162.131.27
273,Abie,Cowdry,acowdry7k@huffingtonpost.com,Genderfluid,7.245.231.33
274,Hoyt,Kimblen,hkimblen7l@narod.ru,Polygender,194.224.159.1
275,Galven,O'Caine,gocaine7m@arizona.edu,Male,65.148.157.198
276,Bobbee,Sandeland,bsandeland7n@over-blog.com,Female,139.49.184.79
277,Shelli,Cardenosa,scardenosa7o@hhs.gov,Agender,253.25.254.242
278,Wylie,Dominichelli,wdominichelli7p@answers.com,Male,90.230.37.213
279,Whitaker,Sandcroft,wsandcroft7q@liveinternet.ru,Male,139.88.7.115
280,Florina,Rowdell,frowdell7r@sakura.ne.jp,Female,74.152.170.3
281,Ulrike,Jordi,ujordi7s@over-blog.com,Female,189.121.245.138
282,Addison,Foard,afoard7t@kickstarter.com,Male,32.102.176.201
283,Marvin,Kuhl,mkuhl7u@ask.com,Male,91.60.202.90
284,Biddie,Noweak,bnoweak7v@shinystat.com,Female,114.251.85.112
285,Wilden,Triswell,wtriswell7w@blogs.com,Male,235.163.88.101
286,Max,Maberley,mmaberley7x@foxnews.com,Male,132.52.165.6
287,Timothee,Greatbatch,tgreatbatch7y@joomla.org,Male,1.220.224.179
288,Nannette,Rosenstein,nrosenstein7z@webeden.co.uk,Female,113.208.250.165
289,Jasmin,Spoure,jspoure80@webnode.com,Female,26.239.110.3
290,Adela,Thumann,athumann81@rambler.ru,Female,151.96.8.36
291,Ignacio,Belchamp,ibelchamp82@hugedomains.com,Male,50.231.103.251
292,Augusta,Maslin,amaslin83@webnode.com,Female,160.175.51.206
293,Sissy,Clemitt,sclemitt84@imdb.com,Female,18.4.153.70
294,Berne,McAllister,bmcallister85@de.vu,Male,56.120.210.246
295,Ethe,Abbatt,eabbatt86@sciencedirect.com,Male,65.218.94.187
296,Emery,D'Abbot-Doyle,edabbotdoyle87@blogs.com,Male,197.63.150.156
297,Matelda,Ovendon,movendon88@usgs.gov,Female,119.26.4.216
298,Rose,Ogers,rogers89@comcast.net,Female,229.156.152.33
299,Meade,Edgington,medgington8a@stumbleupon.com,Male,103.238.85.213
300,Dacey,Cuddehay,dcuddehay8b@aboutads.info,Female,232.201.191.196
301,Lilli,Pressdee,lpressdee8c@naver.com,Female,66.210.139.162
302,Terencio,Champneys,tchampneys8d@latimes.com,Genderqueer,254.165.89.17
303,Clint,Phillip,cphillip8e@dion.ne.jp,Male,22.102.196.217
304,Zitella,Murkitt,zmurkitt8f@statcounter.com,Female,226.119.193.133
305,Mollie,Gaenor,mgaenor8g@patch.com,Female,6.14.172.181
306,Amalea,Cowdroy,acowdroy8h@cisco.com,Female,10.25.131.30
307,Heddie,Gregori,hgregori8i@youtube.com,Female,229.202.167.240
308,Barbabra,Wallsworth,bwallsworth8j@microsoft.com,Female,241.110.19.47
309,Garnet,Souttar,gsouttar8k@admin.ch,Female,120.169.55.37
310,Paulie,Scotsbrook,pscotsbrook8l@merriam-webster.com,Female,185.65.213.85
311,Merv,Bierling,mbierling8m@networkadvertising.org,Male,79.49.75.217
312,Wilek,Kerfut,wkerfut8n@wired.com,Non-binary,67.3.164.210
313,Turner,Buxy,tbuxy8o@joomla.org,Male,49.242.224.172
314,Kareem,Glossup,kglossup8p@narod.ru,Male,39.14.207.55
315,Aldrich,Cummungs,acummungs8q@posterous.com,Male,215.214.114.121
316,Modesta,Hagger,mhagger8r@slideshare.net,Female,108.57.38.222
317,Marcy,Fellon,mfellon8s@tmall.com,Female,110.50.74.171
318,Shoshana,Redihough,sredihough8t@webnode.com,Female,78.243.16.215
319,Isaak,Moggan,imoggan8u@google.com.au,Male,72.73.126.250
320,Garnet,Weatherill,gweatherill8v@un.org,Female,80.10.244.48
321,Ruby,Rozsa,rrozsa8w@ucoz.com,Male,226.150.149.79
322,Cloe,Suddick,csuddick8x@blinklist.com,Female,111.234.244.240
323,Heloise,Bumphrey,hbumphrey8y@eepurl.com,Female,125.49.57.245
324,Ofella,Carroll,ocarroll8z@icq.com,Female,49.162.59.80
325,Ferne,Craydon,fcraydon90@people.com.cn,Female,214.151.75.215
326,Zelma,Fice,zfice91@mayoclinic.com,Female,76.151.83.65
327,Cosme,cornhill,ccornhill92@jiathis.com,Male,214.91.193.134
328,Lanna,Getcliffe,lgetcliffe93@house.gov,Female,129.169.153.60
329,Kevina,Jahns,kjahns94@unesco.org,Female,171.122.235.115
330,Israel,Garvin,igarvin95@g.co,Male,208.36.95.10
331,Gaile,Lebond,glebond96@printfriendly.com,Male,171.89.231.120
332,Nanette,Oxer,noxer97@xrea.com,Female,71.158.12.131
333,Filia,Heart,fheart98@latimes.com,Female,65.30.102.85
334,Xylia,Clashe,xclashe99@shutterfly.com,Female,137.16.224.99
335,Faye,Leyrroyd,fleyrroyd9a@walmart.com,Female,177.142.147.214
336,Silvain,Blore,sblore9b@issuu.com,Male,126.140.177.114
337,Trent,Ride,tride9c@illinois.edu,Male,105.30.54.148
338,Kit,Tremeer,ktremeer9d@hao123.com,Female,170.21.201.206
339,Wendye,Sellors,wsellors9e@boston.com,Female,4.147.156.195
340,Leroi,Dart,ldart9f@time.com,Male,3.160.174.93
341,Bondon,Mikalski,bmikalski9g@globo.com,Male,233.6.54.104
342,Tricia,Matyatin,tmatyatin9h@army.mil,Female,203.155.174.163
343,Jenda,Ewbank,jewbank9i@plala.or.jp,Female,28.0.194.107
344,Kirstyn,Blythe,kblythe9j@usda.gov,Non-binary,56.242.140.206
345,Rice,Meaden,rmeaden9k@w3.org,Male,79.210.190.150
346,Gearalt,Dumsday,gdumsday9l@lulu.com,Bigender,73.5.132.40
347,Maddi,Pockett,mpockett9m@yolasite.com,Female,241.222.205.204
348,Keir,Bambridge,kbambridge9n@eventbrite.com,Male,247.217.49.123
349,Agace,Cordel,acordel9o@cnbc.com,Female,16.103.20.92
350,Arlin,Darnody,adarnody9p@jimdo.com,Male,197.176.139.17
351,Miranda,Colyer,mcolyer9q@nationalgeographic.com,Agender,194.224.156.242
352,Berk,Winward,bwinward9r@merriam-webster.com,Male,72.3.209.232
353,Virginia,Vigurs,vvigurs9s@nature.com,Female,25.208.191.247
354,Allx,De Metz,ademetz9t@globo.com,Female,197.152.162.76
355,Kyrstin,Cubbini,kcubbini9u@blogtalkradio.com,Female,97.89.142.102
356,Mendy,Dakhov,mdakhov9v@tinypic.com,Male,182.134.23.114
357,Aprilette,Laimable,alaimable9w@mashable.com,Female,123.77.188.40
358,Jacintha,Ginnaly,jginnaly9x@w3.org,Female,170.112.224.200
359,Twyla,Blondelle,tblondelle9y@dailymotion.com,Female,45.242.46.64
360,Manya,Dykes,mdykes9z@people.com.cn,Female,13.36.108.135
361,Letty,Ingleston,linglestona0@si.edu,Female,249.31.135.124
362,Seymour,Filippucci,sfilippuccia1@ning.com,Male,213.255.26.206
363,Dorie,Graal,dgraala2@dailymail.co.uk,Female,253.161.21.89
364,Holly,McNirlin,hmcnirlina3@posterous.com,Female,225.119.211.4
365,Lora,Dessant,ldessanta4@tripod.com,Female,212.13.42.93
366,Kirby,Pacey,kpaceya5@bluehost.com,Male,120.184.251.201
367,Noemi,Glasper,nglaspera6@reverbnation.com,Female,145.174.34.250
368,Leonanie,Valenti,lvalentia7@instagram.com,Female,166.169.253.228
369,Yetta,Ingall,yingalla8@state.tx.us,Female,75.225.44.230
370,Bunni,Conlaund,bconlaunda9@wufoo.com,Female,234.54.153.79
371,Fidelia,Middup,fmiddupaa@opera.com,Female,155.104.125.13
372,Martica,Moyse,mmoyseab@purevolume.com,Female,224.21.228.39
373,Hallsy,Messier,hmessierac@qq.com,Male,203.194.4.62
374,Sofia,Andrew,sandrewad@ftc.gov,Female,104.241.149.166
375,Ophelia,Shivell,oshivellae@omniture.com,Female,144.84.216.79
376,Paddie,Slingsby,pslingsbyaf@virginia.edu,Male,226.131.90.108
377,Blake,Nashe,bnasheag@sakura.ne.jp,Female,158.186.177.121
378,Chevalier,Olyff,colyffah@ibm.com,Male,148.13.12.250
379,Les,Tytcomb,ltytcombai@upenn.edu,Male,155.50.3.25
380,Alisha,Holyland,aholylandaj@bravesites.com,Female,78.12.10.119
381,Dale,Oxherd,doxherdak@house.gov,Male,232.31.190.23
382,Kanya,De Meis,kdemeisal@wufoo.com,Female,64.228.22.167
383,Kerwinn,Erat,keratam@yale.edu,Male,121.52.184.167
384,Banky,Atger,batgeran@accuweather.com,Male,157.186.15.118
385,Beryle,Millberg,bmillbergao@engadget.com,Female,33.248.16.246
386,Jamesy,Freke,jfrekeap@cisco.com,Male,7.171.124.140
387,Alice,Riguard,ariguardaq@cbsnews.com,Female,192.99.164.54
388,Patton,Brafield,pbrafieldar@digg.com,Male,142.186.242.149
389,Gilberto,Sykes,gsykesas@prnewswire.com,Male,169.247.229.109
390,Anson,Perkinson,aperkinsonat@toplist.cz,Male,130.3.16.245
391,Cairistiona,Dearing,cdearingau@123-reg.co.uk,Female,41.162.171.53
392,Natala,Claxton,nclaxtonav@dropbox.com,Female,31.193.188.214
393,Ulrich,Alliston,uallistonaw@webnode.com,Male,28.29.70.109
394,Almira,Birdwhistle,abirdwhistleax@bbc.co.uk,Female,35.50.189.45
395,Kelci,Wreight,kwreightay@zimbio.com,Female,230.66.55.26
396,Ilsa,Kornilov,ikornilovaz@wufoo.com,Female,171.77.60.110
397,Stearn,Scarlon,sscarlonb0@intel.com,Male,7.98.187.123
398,Maddie,Feldheim,mfeldheimb1@devhub.com,Female,235.173.234.69
399,Shane,Jauncey,sjaunceyb2@diigo.com,Female,133.54.18.85
400,Marvin,Negal,mnegalb3@reddit.com,Male,145.9.166.39
401,Christabella,Narracott,cnarracottb4@berkeley.edu,Female,143.199.143.57
402,Marmaduke,McIlvenny,mmcilvennyb5@zdnet.com,Male,98.212.30.30
403,Angeli,Lurcock,alurcockb6@time.com,Male,199.69.152.1
404,Red,Dudlestone,rdudlestoneb7@nydailynews.com,Male,222.251.136.101
405,Avictor,Mitchelhill,amitchelhillb8@dion.ne.jp,Male,118.255.22.185
406,Flint,Cresswell,fcresswellb9@mozilla.com,Male,128.72.161.138
407,Bekki,Simants,bsimantsba@vistaprint.com,Genderqueer,111.221.172.10
408,Allianora,Lytle,alytlebb@opera.com,Genderqueer,254.50.194.80
409,Redford,Carlett,rcarlettbc@discuz.net,Male,187.77.224.216
410,Astra,Cussen,acussenbd@fastcompany.com,Female,226.38.135.36
411,Kenneth,Gwyer,kgwyerbe@bigcartel.com,Male,45.117.197.30
412,Thea,Poetz,tpoetzbf@accuweather.com,Female,92.120.227.32
413,Dell,Hinder,dhinderbg@barnesandnoble.com,Male,229.26.163.118
414,Hubey,Apted,haptedbh@businesswire.com,Male,76.178.96.205
415,Amii,Nussgen,anussgenbi@desdev.cn,Female,37.162.149.104
416,Boigie,Emma,bemmabj@mail.ru,Male,91.35.125.187
417,Antony,Cowgill,acowgillbk@jiathis.com,Male,136.216.192.152
418,Jaimie,Lidgely,jlidgelybl@wikimedia.org,Male,29.146.48.196
419,Carolina,Spon,csponbm@facebook.com,Female,251.182.65.213
420,Gracia,Bandey,gbandeybn@paypal.com,Female,179.40.36.9
421,Fulvia,Etherson,fethersonbo@whitehouse.gov,Female,22.161.41.252
422,Tallie,Vasechkin,tvasechkinbp@yale.edu,Female,213.161.114.92
423,Tallie,Riall,triallbq@indiatimes.com,Female,72.127.80.128
424,Thaine,Seabright,tseabrightbr@yahoo.co.jp,Bigender,25.223.217.228
425,Maxie,Naptine,mnaptinebs@mayoclinic.com,Female,188.127.42.74
426,Eal,Sandland,esandlandbt@spiegel.de,Male,166.137.250.230
427,Millisent,Gino,mginobu@ebay.com,Female,134.102.180.132
428,Karly,Corey,kcoreybv@ucsd.edu,Female,233.80.45.109
429,Marris,Camble,mcamblebw@google.com,Agender,91.195.14.191
430,Holli,Christoffels,hchristoffelsbx@tripadvisor.com,Female,60.196.118.20
431,Andrej,Lorenz,alorenzby@who.int,Male,19.201.184.22
432,Rudyard,Ilden,rildenbz@eepurl.com,Male,253.83.24.140
433,Bail,Danniel,bdannielc0@technorati.com,Male,200.109.216.32
434,Brooks,MacCome,bmaccomec1@cyberchimps.com,Male,36.66.217.200
435,Binny,Hatwells,bhatwellsc2@youku.com,Female,21.126.168.160
436,Prudy,Millan,pmillanc3@dell.com,Female,226.212.222.19
437,Hillyer,Chevins,hchevinsc4@accuweather.com,Male,178.53.143.1
438,Iormina,Boland,ibolandc5@slideshare.net,Female,144.224.114.73
439,Layla,Doog,ldoogc6@imdb.com,Female,192.68.225.238
440,Bradney,Pauls,bpaulsc7@ibm.com,Male,130.154.31.181
441,Rubi,Rathke,rrathkec8@cnet.com,Female,208.178.91.124
442,Gran,MacFadyen,gmacfadyenc9@friendfeed.com,Male,147.73.214.150
443,Almira,Smithyman,asmithymanca@pcworld.com,Female,197.161.25.219
444,Carlyle,Anfusso,canfussocb@g.co,Male,6.201.190.192
445,Claiborne,Gush,cgushcc@europa.eu,Male,143.177.231.175
446,Benjamen,Stannard,bstannardcd@trellian.com,Male,11.251.14.30
447,Nelson,Swindley,nswindleyce@myspace.com,Male,133.19.144.64
448,Elfrida,Ord,eordcf@archive.org,Female,80.147.78.233
449,Harrietta,Pumfrett,hpumfrettcg@jalbum.net,Female,58.184.20.69
450,Lars,Hurtado,lhurtadoch@apache.org,Male,175.162.46.57
451,Sophronia,Bordone,sbordoneci@reuters.com,Female,115.104.230.12
452,Grove,Antley,gantleycj@archive.org,Male,111.60.40.34
453,Bess,Silvester,bsilvesterck@lulu.com,Female,212.70.44.223
454,Weber,Seson,wsesoncl@deviantart.com,Male,111.227.152.90
455,Clemmy,Boller,cbollercm@miitbeian.gov.cn,Male,74.56.88.139
456,Amalie,Northridge,anorthridgecn@wikispaces.com,Female,115.112.95.97
457,Jacquenetta,Cockburn,jcockburnco@gov.uk,Female,216.151.91.204
458,Saxe,Jaslem,sjaslemcp@rediff.com,Male,145.164.196.119
459,Janetta,Russon,jrussoncq@123-reg.co.uk,Female,90.252.175.71
460,Jacquetta,Laverack,jlaverackcr@infoseek.co.jp,Female,206.49.255.157
461,Beitris,Hubeaux,bhubeauxcs@amazon.co.jp,Female,94.166.154.207
462,Ariela,Wadley,awadleyct@opera.com,Female,99.22.212.185
463,Babs,Ponde,bpondecu@ebay.co.uk,Female,234.77.186.35
464,Byrle,Kerswill,bkerswillcv@php.net,Male,183.20.163.122
465,Matthieu,Izakov,mizakovcw@zimbio.com,Male,71.107.39.196
466,Tanny,McCrorie,tmccroriecx@amazon.com,Male,213.225.63.242
467,Nathalie,Breeze,nbreezecy@yellowbook.com,Female,106.3.81.67
468,Della,Le Friec,dlefrieccz@issuu.com,Female,21.154.101.42
469,Tonya,Bernath,tbernathd0@reuters.com,Female,26.121.98.149
470,Rafaela,Engelbrecht,rengelbrechtd1@mozilla.org,Female,170.63.186.105
471,Lelah,MacDunlevy,lmacdunlevyd2@yahoo.co.jp,Female,160.205.33.172
472,Raimondo,Bryer,rbryerd3@slideshare.net,Male,111.58.118.12
473,Mildred,Dreossi,mdreossid4@123-reg.co.uk,Female,168.226.129.250
474,Nelly,Lawie,nlawied5@nbcnews.com,Female,35.2.30.82
475,Basile,Husby,bhusbyd6@jugem.jp,Genderqueer,153.208.233.181
476,Julita,Hasser,jhasserd7@blogtalkradio.com,Female,200.43.106.93
477,Gustaf,Greystock,ggreystockd8@umn.edu,Male,250.137.145.151
478,Breena,McArthur,bmcarthurd9@nbcnews.com,Female,212.73.26.193
479,Harlan,Chater,hchaterda@sohu.com,Male,17.164.77.213
480,Janessa,Caghy,jcaghydb@dedecms.com,Female,162.231.142.97
481,Sloan,Tattersdill,stattersdilldc@prweb.com,Male,139.43.177.15
482,Adelbert,Dumbellow,adumbellowdd@wp.com,Male,181.230.26.5
483,Glenn,Rosenschein,grosenscheinde@sun.com,Male,163.228.242.117
484,Alverta,Beebis,abeebisdf@domainmarket.com,Female,23.123.26.4
485,Charis,Ebbings,cebbingsdg@cdc.gov,Female,113.114.179.212
486,Margarete,Shepland,msheplanddh@over-blog.com,Female,66.181.155.52
487,Marcella,Spreag,mspreagdi@so-net.ne.jp,Female,154.9.176.188
488,Currie,Ivetts,civettsdj@vk.com,Male,131.195.73.184
489,Cammie,Bestall,cbestalldk@vkontakte.ru,Female,133.230.51.155
490,Lenci,Meikle,lmeikledl@sbwire.com,Male,150.181.164.121
491,Don,Chessel,dchesseldm@yellowbook.com,Male,128.225.74.169
492,Brew,Broome,bbroomedn@apache.org,Male,134.31.214.171
493,Barri,Roullier,broullierdo@wordpress.com,Male,68.214.227.10
494,Chere,Dummer,cdummerdp@businessweek.com,Female,101.133.245.47
495,Gifford,Boyack,gboyackdq@qq.com,Male,238.32.151.64
496,Alister,Shenton,ashentondr@desdev.cn,Male,59.1.103.156
497,Che,Orsay,corsayds@ucla.edu,Male,60.176.108.192
498,Chane,Ragg,craggdt@merriam-webster.com,Male,30.40.113.109
499,Ingelbert,Crat,icratdu@cnn.com,Male,223.42.192.122
500,Virge,Deeks,vdeeksdv@topsy.com,Male,194.106.208.167
501,Cristina,Mulholland,cmulhollanddw@yellowpages.com,Female,203.82.80.236
502,Sybille,Caseborne,scasebornedx@house.gov,Female,124.87.157.229
503,Freeland,Derill,fderilldy@nifty.com,Male,242.222.136.206
504,Elliot,Pateman,epatemandz@ezinearticles.com,Male,220.31.152.77
505,Judie,Ludye,jludyee0@umich.edu,Genderqueer,97.239.33.84
506,Galven,Otter,gottere1@deliciousdays.com,Male,243.144.194.173
507,Isaak,Bernaciak,ibernaciake2@ustream.tv,Male,55.244.61.215
508,Stu,Jennins,sjenninse3@buzzfeed.com,Male,161.119.70.41
509,Heather,Nequest,hnequeste4@sciencedaily.com,Female,131.26.13.206
510,Sol,Tolan,stolane5@ox.ac.uk,Male,208.153.18.176
511,Brandise,Tarney,btarneye6@sitemeter.com,Female,226.84.111.99
512,Farrand,Fain,ffaine7@hibu.com,Female,50.114.14.198
513,Harcourt,Mowsdale,hmowsdalee8@walmart.com,Male,15.201.33.130
514,Conroy,Buten,cbutene9@auda.org.au,Male,87.151.172.2
515,Lelia,Spaule,lspauleea@so-net.ne.jp,Female,238.73.137.176
516,Hermina,Austen,hausteneb@indiatimes.com,Female,25.207.30.83
517,Davide,Messingham,dmessinghamec@jiathis.com,Male,205.94.248.26
518,Taite,Bonsul,tbonsuled@ask.com,Male,55.123.74.220
519,Linnet,Edgerton,ledgertonee@gov.uk,Female,137.57.144.199
520,Heida,Riches,hrichesef@trellian.com,Female,198.217.164.69
521,Gilbertina,Gage,ggageeg@delicious.com,Female,243.99.48.195
522,Ethelda,Lowensohn,elowensohneh@google.ru,Female,51.214.199.123
523,Hasty,Reedshaw,hreedshawei@mapy.cz,Male,42.202.58.240
524,Elisabeth,Rickersey,erickerseyej@nifty.com,Female,13.54.4.99
525,Glyn,Fawloe,gfawloeek@toplist.cz,Female,132.28.6.35
526,Graig,Voaden,gvoadenel@xrea.com,Male,92.135.36.239
527,Allx,Tibbs,atibbsem@comcast.net,Female,24.153.249.234
528,Giusto,Grishelyov,ggrishelyoven@uiuc.edu,Male,164.180.44.234
529,Cedric,Trethewey,ctretheweyeo@edublogs.org,Male,147.169.131.62
530,Alphard,Mayell,amayellep@lycos.com,Male,128.32.73.55
531,Sam,Aldrin,saldrineq@dropbox.com,Male,46.94.81.170
532,Alec,Juszczyk,ajuszczyker@google.com.hk,Male,157.41.186.114
533,Orazio,Oakland,ooaklandes@indiatimes.com,Male,20.139.99.255
534,Cullie,Scola,cscolaet@lulu.com,Genderfluid,98.179.207.238
535,Elinor,Boat,eboateu@1688.com,Non-binary,84.214.59.4
536,Valdemar,Elderbrant,velderbrantev@spotify.com,Male,73.144.196.13
537,Morna,Jovic,mjovicew@t.co,Female,109.113.86.184
538,Leigh,Llewellin,lllewellinex@sourceforge.net,Male,142.150.167.71
539,Vincenty,Keiling,vkeilingey@auda.org.au,Male,35.201.96.202
540,Benji,Dearnaly,bdearnalyez@census.gov,Male,10.237.197.62
541,Jereme,Gildersleaves,jgildersleavesf0@istockphoto.com,Male,174.191.106.181
542,Obidiah,Belward,obelwardf1@dmoz.org,Male,105.240.166.108
543,Findley,Gloyens,fgloyensf2@admin.ch,Male,236.112.147.104
544,Lanny,Muncie,lmuncief3@hostgator.com,Female,216.251.127.121
545,Vitoria,Mew,vmewf4@netvibes.com,Female,142.166.63.115
546,Mortimer,Belone,mbelonef5@cisco.com,Male,134.90.203.94
547,Dietrich,Pechell,dpechellf6@github.com,Male,253.100.186.46
548,Isabella,Peckett,ipeckettf7@statcounter.com,Agender,234.2.53.157
549,Mary,Habgood,mhabgoodf8@ihg.com,Female,26.116.34.245
550,Rebe,Cassedy,rcassedyf9@live.com,Female,233.2.137.120
551,Ida,Milham,imilhamfa@constantcontact.com,Female,46.208.251.0
552,Georgeta,Hellmer,ghellmerfb@wikipedia.org,Female,126.212.59.149
553,Jayne,Leven,jlevenfc@list-manage.com,Female,55.104.60.188
554,Neale,Greedier,ngreedierfd@soundcloud.com,Male,36.118.31.118
555,Zeb,Guittet,zguittetfe@yellowbook.com,Male,219.133.61.48
556,Aldric,Feirn,afeirnff@wufoo.com,Male,122.128.232.168
557,Zared,Sleicht,zsleichtfg@geocities.jp,Male,250.235.222.45
558,Neill,Humphries,nhumphriesfh@over-blog.com,Male,6.15.45.53
559,Kynthia,Schukert,kschukertfi@oaic.gov.au,Female,128.42.146.21
560,Janelle,Carette,jcarettefj@loc.gov,Female,206.170.149.66
561,Dannel,Gull,dgullfk@msu.edu,Male,180.99.91.61
562,Haroun,Feuell,hfeuellfl@squidoo.com,Non-binary,194.1.94.54
563,Vail,Gilphillan,vgilphillanfm@lycos.com,Male,217.137.20.16
564,Kathryn,Finlay,kfinlayfn@simplemachines.org,Female,114.149.173.108
565,Cordy,Stroband,cstrobandfo@samsung.com,Female,181.182.16.133
566,Jeffrey,Moohan,jmoohanfp@wikimedia.org,Male,95.200.94.206
567,Sauncho,Pfaff,spfafffq@google.com.br,Male,180.20.153.250
568,Kristoffer,Anthona,kanthonafr@unesco.org,Male,155.36.92.26
569,Dix,Portam,dportamfs@va.gov,Female,47.31.233.116
570,Germain,Grishakov,ggrishakovft@macromedia.com,Male,66.33.4.193
571,Helenka,Martonfi,hmartonfifu@twitter.com,Female,24.170.34.114
572,Marcelline,Belsey,mbelseyfv@google.com.hk,Bigender,200.116.162.63
573,Marvin,Emes,memesfw@hud.gov,Male,105.254.71.168
574,Yorke,Colbran,ycolbranfx@reuters.com,Male,134.29.76.79
575,Sherwin,Gaveltone,sgaveltonefy@freewebs.com,Male,42.139.250.226
576,Dore,Dunbobin,ddunbobinfz@cbslocal.com,Bigender,148.202.82.133
577,Carmelle,Bosence,cbosenceg0@japanpost.jp,Female,238.73.89.75
578,Nady,Ringer,nringerg1@reverbnation.com,Female,80.43.137.75
579,Iona,Portress,iportressg2@irs.gov,Female,73.89.206.188
580,Herbert,Bearman,hbearmang3@cbsnews.com,Male,93.115.202.158
581,Jewelle,Eykel,jeykelg4@tripadvisor.com,Female,225.133.9.237
582,Boigie,Birwhistle,bbirwhistleg5@bbc.co.uk,Male,178.30.184.192
583,Adelheid,Bremner,abremnerg6@blogger.com,Female,213.198.190.89
584,Moll,Deabill,mdeabillg7@google.ca,Female,83.228.129.195
585,Gunner,Wisam,gwisamg8@umn.edu,Male,52.104.211.131
586,Patin,Menelaws,pmenelawsg9@etsy.com,Male,254.154.129.192
587,Morganica,Smoote,msmootega@wordpress.org,Female,221.253.0.148
588,Elvis,Steinson,esteinsongb@walmart.com,Male,198.220.58.161
589,Brendon,O'Dennehy,bodennehygc@google.it,Male,4.145.222.50
590,Melita,Stubs,mstubsgd@hud.gov,Female,99.239.24.238
591,Wandie,Arckoll,warckollge@noaa.gov,Female,68.49.217.0
592,Simonette,Muckart,smuckartgf@tripadvisor.com,Female,251.12.11.252
593,Lucretia,Fearnehough,lfearnehoughgg@liveinternet.ru,Female,151.22.15.126
594,Woodie,Boggs,wboggsgh@jiathis.com,Male,103.207.131.225
595,Findley,Hellyar,fhellyargi@reddit.com,Male,157.67.75.240
596,Roy,O'Fihillie,rofihilliegj@umich.edu,Male,74.151.213.135
597,Lisetta,Branigan,lbranigangk@noaa.gov,Female,246.50.60.221
598,Bibbie,Elms,belmsgl@addtoany.com,Female,219.11.165.216
599,Welbie,Minker,wminkergm@nbcnews.com,Male,7.18.13.204
600,Bengt,Dat,bdatgn@huffingtonpost.com,Male,187.161.230.200
601,Carlina,Jahnel,cjahnelgo@infoseek.co.jp,Female,78.82.99.101
602,Harlene,Garretts,hgarrettsgp@foxnews.com,Female,247.194.148.203
603,Boote,Pylkynyton,bpylkynytongq@unc.edu,Male,119.223.196.84
604,Maxine,Scorey,mscoreygr@patch.com,Female,41.17.75.54
605,Lexi,Dickson,ldicksongs@google.co.jp,Female,54.222.31.200
606,Devonna,Crowter,dcrowtergt@wikimedia.org,Female,170.67.154.227
607,Rollins,Revington,rrevingtongu@blog.com,Male,209.204.8.5
608,Cello,Local,clocalgv@hhs.gov,Male,218.38.97.87
609,Romonda,Eddies,reddiesgw@barnesandnoble.com,Female,242.99.61.154
610,Yasmin,Clery,yclerygx@wufoo.com,Female,143.17.153.121
611,Galen,Fishleigh,gfishleighgy@google.com.au,Male,87.38.157.157
612,Roselin,Konke,rkonkegz@constantcontact.com,Female,100.141.112.206
613,Nicolai,Trusslove,ntrussloveh0@bizjournals.com,Male,254.136.65.84
614,Valina,Vakhlov,vvakhlovh1@nih.gov,Female,0.112.244.121
615,Gerhardine,Veltman,gveltmanh2@redcross.org,Female,13.162.133.255
616,Moore,Bachmann,mbachmannh3@irs.gov,Male,23.255.81.163
617,Budd,Meysham,bmeyshamh4@deviantart.com,Male,249.246.211.106
618,Carmela,Lerway,clerwayh5@csmonitor.com,Female,185.201.74.234
619,Ardath,Sparrowhawk,asparrowhawkh6@techcrunch.com,Female,74.36.86.217
620,Myrlene,Rushton,mrushtonh7@aboutads.info,Female,165.28.45.43
621,Vivian,Rains,vrainsh8@yandex.ru,Agender,8.43.60.46
622,Denny,Colqueran,dcolqueranh9@dmoz.org,Male,98.158.79.145
623,Goldina,Cullinan,gcullinanha@nasa.gov,Female,118.89.90.102
624,Cayla,Pidwell,cpidwellhb@weibo.com,Female,94.90.214.157
625,Hermon,McGilvra,hmcgilvrahc@weather.com,Male,12.15.231.64
626,Bill,Pochon,bpochonhd@upenn.edu,Male,108.27.72.74
627,Candie,Hayball,chayballhe@ehow.com,Female,107.117.57.1
628,Padgett,Comolli,pcomollihf@homestead.com,Male,229.84.35.147
629,Hazel,Dolle,hdollehg@bigcartel.com,Male,181.125.0.156
630,Spike,Robinet,srobinethh@rediff.com,Male,249.224.127.255
631,Claretta,Donaway,cdonawayhi@msn.com,Female,212.116.58.249
632,Pepillo,Alderwick,palderwickhj@slideshare.net,Male,194.115.161.108
633,Babette,Yellop,byellophk@jugem.jp,Female,199.220.42.221
634,Britte,Ingree,bingreehl@sun.com,Polygender,182.178.145.2
635,Robers,Mockett,rmocketthm@i2i.jp,Male,224.114.169.45
636,Clarke,Philipard,cphilipardhn@gnu.org,Male,75.129.210.33
637,Frederich,Stubbings,fstubbingsho@umich.edu,Male,193.160.33.235
638,Tedd,Quick,tquickhp@imgur.com,Genderfluid,64.201.65.174
639,Marlane,Brickner,mbricknerhq@linkedin.com,Female,70.83.65.210
640,Halette,Parsisson,hparsissonhr@moonfruit.com,Female,84.113.80.102
641,Gerti,Pringour,gpringourhs@economist.com,Female,210.2.130.13
642,Brandea,Edrich,bedrichht@squidoo.com,Female,223.15.69.49
643,Danie,Dalwood,ddalwoodhu@seesaa.net,Male,74.59.231.106
644,Beryl,Towers,btowershv@sakura.ne.jp,Female,177.211.253.71
645,Luke,Smedley,lsmedleyhw@tinyurl.com,Male,228.57.204.110
646,Shermy,Drillingcourt,sdrillingcourthx@mysql.com,Male,123.63.204.100
647,Sherlock,Dudbridge,sdudbridgehy@upenn.edu,Male,1.178.131.156
648,Tadeo,Clavering,tclaveringhz@vimeo.com,Male,53.18.108.189
649,Marietta,Ower,moweri0@vinaora.com,Female,123.130.187.221
650,Madelina,Myrtle,mmyrtlei1@feedburner.com,Female,213.187.255.150
651,Maggi,Kearford,mkearfordi2@newyorker.com,Agender,74.30.160.215
652,Jayson,O'Keeffe,jokeeffei3@answers.com,Male,41.15.110.105
653,Jessy,Chanders,jchandersi4@time.com,Female,152.80.143.125
654,Olenolin,Elcom,oelcomi5@sun.com,Male,24.175.213.178
655,Lew,Hamal,lhamali6@sbwire.com,Male,118.203.200.161
656,Cornell,Kemshell,ckemshelli7@about.com,Male,172.189.192.14
657,Ofilia,Stannas,ostannasi8@discuz.net,Female,44.254.206.193
658,Hobey,Seamons,hseamonsi9@live.com,Male,176.51.63.44
659,Flin,Iannazzi,fiannazziia@hostgator.com,Male,202.140.62.59
660,Ward,Aberhart,waberhartib@irs.gov,Agender,93.82.218.124
661,Carmine,Fell,cfellic@wikispaces.com,Male,5.39.177.64
662,Vere,Hynard,vhynardid@yahoo.co.jp,Female,127.102.203.114
663,Cleve,McColl,cmccollie@reference.com,Male,172.189.16.207
664,Dane,Rohan,drohanif@technorati.com,Male,175.16.70.53
665,Mendel,Albro,malbroig@miitbeian.gov.cn,Male,67.205.183.28
666,Justin,Zollner,jzollnerih@globo.com,Male,199.27.169.229
667,Marven,Pitcaithly,mpitcaithlyii@hibu.com,Genderqueer,75.146.43.105
668,Simone,Whellans,swhellansij@cafepress.com,Male,5.99.234.139
669,Evey,Snoddon,esnoddonik@posterous.com,Bigender,208.178.160.222
670,Margeaux,Fagan,mfaganil@skyrock.com,Female,1.95.173.28
671,Tadio,Beswick,tbeswickim@kickstarter.com,Polygender,63.206.249.128
672,Steve,Hulles,shullesin@icio.us,Male,80.212.5.91
673,Horst,Cayford,hcayfordio@naver.com,Male,167.181.207.23
674,Pollyanna,MacAirt,pmacairtip@chicagotribune.com,Female,6.179.85.196
675,Rhodie,Terbeek,rterbeekiq@comsenz.com,Female,184.54.201.212
676,Antoine,Manolov,amanolovir@slate.com,Male,142.46.81.83
677,Agnes,Scruton,ascrutonis@cmu.edu,Non-binary,128.49.255.225
678,Christina,Graeme,cgraemeit@amazon.co.jp,Genderfluid,215.43.215.148
679,Mayor,Veregan,mvereganiu@mtv.com,Male,127.236.207.253
680,Allene,Godbolt,agodboltiv@wix.com,Female,210.201.137.242
681,Leroi,Radeliffe,lradeliffeiw@de.vu,Male,106.127.71.224
682,Hamid,Extal,hextalix@twitter.com,Male,13.91.6.215
683,Ermengarde,Merrgen,emerrgeniy@bloomberg.com,Female,61.24.156.17
684,Dorthea,Dewer,ddeweriz@de.vu,Female,216.176.37.46
685,Aloysia,Grahl,agrahlj0@census.gov,Female,227.76.17.127
686,Kathleen,Tume,ktumej1@example.com,Female,101.108.36.128
687,Woodman,Davenhill,wdavenhillj2@google.cn,Male,242.173.104.153
688,Rock,Wanden,rwandenj3@dagondesign.com,Male,142.126.214.235
689,Winfield,Scotson,wscotsonj4@jugem.jp,Genderfluid,160.153.106.160
690,Merl,Timeby,mtimebyj5@google.com.hk,Female,27.22.248.49
691,Georgianna,Banker,gbankerj6@youku.com,Female,113.193.157.185
692,Claus,Stack,cstackj7@cdc.gov,Male,13.125.117.88
693,Nanny,Janczyk,njanczykj8@toplist.cz,Female,77.210.106.146
694,Giffie,Hendrich,ghendrichj9@ed.gov,Male,129.110.181.180
695,Dallas,Trent,dtrentja@mapy.cz,Female,213.204.147.68
696,Bentley,Chisnell,bchisnelljb@yellowpages.com,Male,21.201.151.72
697,Harlen,Sidle,hsidlejc@flickr.com,Male,181.22.144.24
698,Jerrine,Rappoport,jrappoportjd@thetimes.co.uk,Female,107.248.208.216
699,Dmitri,Misk,dmiskje@census.gov,Male,228.39.7.195
700,Eydie,Westover,ewestoverjf@purevolume.com,Female,233.3.104.174
701,Sidoney,Clair,sclairjg@tamu.edu,Non-binary,177.89.3.46
702,Davine,Scullin,dscullinjh@newyorker.com,Female,185.63.126.6
703,Kenneth,Cowlin,kcowlinji@yale.edu,Male,72.34.133.25
704,Jackie,Maggi,jmaggijj@alexa.com,Female,36.40.53.154
705,Nealson,Simeon,nsimeonjk@de.vu,Male,206.35.226.14
706,Sally,Cottesford,scottesfordjl@newyorker.com,Female,53.238.61.195
707,Way,Meynell,wmeynelljm@meetup.com,Male,107.83.39.186
708,Lind,Ameer-Beg,lameerbegjn@patch.com,Female,250.41.12.60
709,Catarina,Pennetta,cpennettajo@i2i.jp,Female,224.50.24.70
710,Drusie,Glyssanne,dglyssannejp@irs.gov,Female,203.132.181.111
711,Curtice,Hackelton,chackeltonjq@mashable.com,Male,238.233.75.44
712,Alvis,Saurin,asaurinjr@washington.edu,Male,44.254.48.137
713,Farrah,Lorking,florkingjs@youku.com,Female,142.144.232.215
714,Jon,Bingall,jbingalljt@gov.uk,Male,49.197.47.248
715,Glennie,Gatling,ggatlingju@bizjournals.com,Female,208.82.217.118
716,Daisy,Farley,dfarleyjv@cnet.com,Female,117.15.113.254
717,Emili,Habbijam,ehabbijamjw@newsvine.com,Female,63.172.150.45
718,Jenilee,Meecher,jmeecherjx@reuters.com,Female,107.47.90.238
719,Avie,Havard,ahavardjy@state.tx.us,Female,109.244.87.101
720,Leoline,Barlie,lbarliejz@geocities.jp,Female,98.48.168.204
721,Kimberlee,De Giorgio,kdegiorgiok0@prlog.org,Female,104.42.97.190
722,Cristine,Chatelot,cchatelotk1@wikispaces.com,Female,36.17.213.223
723,Molly,Brennand,mbrennandk2@google.pl,Female,137.216.241.29
724,Tisha,Kerfod,tkerfodk3@microsoft.com,Female,39.136.37.144
725,Rosa,Whitty,rwhittyk4@ucoz.com,Female,150.124.112.89
726,Aloysius,Pursehouse,apursehousek5@tuttocitta.it,Male,155.95.34.144
727,Carmelle,Sparshett,csparshettk6@quantcast.com,Female,52.164.156.19
728,Lane,Pillinger,lpillingerk7@blogger.com,Male,239.2.252.83
729,Granthem,Fulham,gfulhamk8@themeforest.net,Male,38.13.233.98
730,Yancy,Claxson,yclaxsonk9@loc.gov,Male,202.222.95.143
731,Erinna,Daber,edaberka@yolasite.com,Female,37.23.175.46
732,Gaston,Sponer,gsponerkb@pbs.org,Male,143.6.46.109
733,Anastasia,Zellick,azellickkc@zimbio.com,Female,33.241.235.133
734,Christian,Clissold,cclissoldkd@trellian.com,Male,122.15.3.201
735,Bret,Eveleigh,beveleighke@ft.com,Male,176.229.4.43
736,Luella,Purver,lpurverkf@github.com,Female,141.85.222.52
737,Keeley,Heinzel,kheinzelkg@yolasite.com,Female,81.205.20.111
738,Yorke,Youles,yyouleskh@hao123.com,Male,110.97.172.147
739,Ash,Tabner,atabnerki@cisco.com,Male,202.58.126.44
740,Selene,Langcaster,slangcasterkj@google.co.jp,Female,51.107.6.30
741,Electra,Hallums,ehallumskk@google.cn,Female,12.242.157.26
742,Claudia,Naul,cnaulkl@arizona.edu,Female,100.43.35.243
743,Tristan,Haggarty,thaggartykm@icio.us,Male,57.222.3.106
744,Evyn,Folliss,efollisskn@squidoo.com,Male,172.76.39.155
745,Killie,Rupel,krupelko@csmonitor.com,Male,247.230.142.0
746,Roze,Batters,rbatterskp@example.com,Female,194.182.40.34
747,Otho,Cawley,ocawleykq@seesaa.net,Male,85.83.134.242
748,Jerad,Esmead,jesmeadkr@a8.net,Male,16.147.224.128
749,Renato,Maybery,rmayberyks@usatoday.com,Male,151.47.61.137
750,Dedra,Tysack,dtysackkt@cocolog-nifty.com,Female,249.11.97.121
751,Jessey,Gadsdon,jgadsdonku@google.nl,Male,64.125.120.62
752,Thane,Brealey,tbrealeykv@networkadvertising.org,Male,74.48.56.139
753,Brannon,Jakaway,bjakawaykw@epa.gov,Male,215.0.209.193
754,Sam,Bembrick,sbembrickkx@squarespace.com,Male,237.175.143.47
755,Alejandra,Biss,abissky@europa.eu,Female,15.67.168.183
756,Kippie,Edens,kedenskz@nifty.com,Bigender,58.223.7.75
757,Johna,Ummfrey,jummfreyl0@irs.gov,Female,44.204.23.197
758,Rich,Bick,rbickl1@github.io,Male,150.85.205.99
759,Honor,Loffill,hloffilll2@trellian.com,Female,46.177.176.162
760,Cori,Anthon,canthonl3@shinystat.com,Female,168.141.173.158
761,Pip,O'Collopy,pocollopyl4@noaa.gov,Male,11.52.207.90
762,Florida,Syred,fsyredl5@foxnews.com,Female,250.176.231.223
763,Lucilia,Pycock,lpycockl6@about.com,Bigender,12.53.60.190
764,Rayner,Gordon-Giles,rgordongilesl7@walmart.com,Male,83.150.7.190
765,Merell,Fley,mfleyl8@eepurl.com,Male,35.43.239.32
766,Ernestine,Swadling,eswadlingl9@acquirethisname.com,Female,204.12.16.243
767,Trumaine,Dickey,tdickeyla@about.com,Male,46.105.75.13
768,Welbie,Townes,wtowneslb@ibm.com,Genderfluid,214.180.146.188
769,Min,Cordingley,mcordingleylc@digg.com,Genderqueer,107.220.248.158
770,Isac,Sponer,isponerld@pagesperso-orange.fr,Male,98.84.49.2
771,Lyman,Redler,lredlerle@about.me,Male,244.33.104.155
772,Lawry,Murfin,lmurfinlf@bizjournals.com,Male,241.205.221.82
773,Merline,Villaret,mvillaretlg@mit.edu,Female,180.153.175.194
774,Austina,Heifer,aheiferlh@hatena.ne.jp,Female,23.95.95.75
775,Wilma,Tregoning,wtregoningli@utexas.edu,Female,157.72.77.160
776,Joannes,Shimwall,jshimwalllj@sbwire.com,Female,242.124.63.231
777,Edi,Penburton,epenburtonlk@techcrunch.com,Female,240.205.116.188
778,Fredrika,Keme,fkemell@goodreads.com,Bigender,210.168.51.18
779,Hadria,Line,hlinelm@netlog.com,Female,139.21.73.191
780,Sheffield,Powys,spowysln@bloomberg.com,Male,187.121.210.57
781,Stefania,Abdy,sabdylo@t.co,Female,210.99.73.122
782,Isiahi,Tully,itullylp@irs.gov,Male,15.219.96.48
783,Saleem,Andrioletti,sandriolettilq@theglobeandmail.com,Male,130.118.137.112
784,Christiano,Hopewell,chopewelllr@illinois.edu,Male,13.29.107.213
785,Marika,Disbury,mdisburyls@springer.com,Female,20.18.44.13
786,Conrad,Jeves,cjeveslt@tuttocitta.it,Male,70.104.81.13
787,Carlita,Gierek,cgiereklu@umn.edu,Female,139.233.10.4
788,Walker,Brouwer,wbrouwerlv@pcworld.com,Male,82.186.127.206
789,Rube,De la Eglise,rdelaegliselw@twitpic.com,Male,174.244.194.246
790,Caty,Faires,cfaireslx@php.net,Female,34.215.253.176
791,Jarib,Fursey,jfurseyly@tinyurl.com,Male,44.86.86.181
792,Danica,Rowthorn,drowthornlz@youtube.com,Female,234.139.209.71
793,Tanya,Lude,tludem0@uol.com.br,Female,84.243.220.192
794,Isadore,Grattage,igrattagem1@pen.io,Male,155.253.7.201
795,Brewster,Masic,bmasicm2@japanpost.jp,Male,100.135.167.187
796,Gwenneth,Meighan,gmeighanm3@networkadvertising.org,Female,248.194.117.253
797,Teresa,Giraudel,tgiraudelm4@tuttocitta.it,Female,148.109.175.61
798,Inez,Scalia,iscaliam5@angelfire.com,Female,69.118.123.100
799,Collete,Masters,cmastersm6@icio.us,Female,191.24.217.164
800,Melanie,Cassam,mcassamm7@twitter.com,Female,135.143.20.170
801,Thaddeus,Ripley,tripleym8@dot.gov,Male,49.3.71.12
802,Dareen,Count,dcountm9@biblegateway.com,Female,192.2.186.93
803,Yolanda,Dabling,ydablingma@irs.gov,Polygender,234.109.136.30
804,Obed,Tombs,otombsmb@va.gov,Male,240.17.122.231
805,Kristopher,Kynder,kkyndermc@prlog.org,Male,50.19.132.20
806,Enrica,Navarro,enavarromd@home.pl,Female,189.110.44.171
807,Antonella,Gipps,agippsme@redcross.org,Bigender,228.143.28.61
808,Stesha,Malloy,smalloymf@tuttocitta.it,Female,244.42.140.252
809,Ruby,Mordey,rmordeymg@eventbrite.com,Female,205.70.12.7
810,Fionna,Ridel,fridelmh@gmpg.org,Genderqueer,202.195.223.26
811,Rube,Vankeev,rvankeevmi@google.co.jp,Male,164.147.212.111
812,Emlyn,Zanini,ezaninimj@squarespace.com,Female,107.114.127.244
813,Moore,Delcastel,mdelcastelmk@booking.com,Male,165.40.38.64
814,Marrilee,Cossem,mcossemml@bravesites.com,Female,101.182.63.152
815,Lettie,Ternent,lternentmm@histats.com,Female,52.226.248.5
816,Lorettalorna,Keaveny,lkeavenymn@pen.io,Female,194.192.248.167
817,Zeb,Jellyman,zjellymanmo@timesonline.co.uk,Bigender,176.146.93.35
818,Mata,Samweyes,msamweyesmp@mapy.cz,Male,6.58.203.9
819,Allin,Hadwen,ahadwenmq@flickr.com,Male,142.188.104.121
820,Inesita,Maypole,imaypolemr@forbes.com,Female,191.48.243.55
821,Boigie,Perrington,bperringtonms@macromedia.com,Agender,125.115.252.142
822,Tab,Feeny,tfeenymt@japanpost.jp,Genderqueer,145.2.176.3
823,Marlane,Polly,mpollymu@yahoo.co.jp,Genderqueer,24.121.145.198
824,Stephana,Philippet,sphilippetmv@soup.io,Female,43.55.239.160
825,Roxanne,Duding,rdudingmw@webnode.com,Female,130.116.44.224
826,Jacquetta,Brinkworth,jbrinkworthmx@yandex.ru,Female,54.88.83.205
827,Ofilia,Stoll,ostollmy@drupal.org,Female,136.73.252.65
828,Bili,Froom,bfroommz@cpanel.net,Female,94.176.156.189
829,Cosette,Shaefer,cshaefern0@hao123.com,Female,4.100.254.88
830,Johnny,Woolager,jwoolagern1@edublogs.org,Male,4.75.210.252
831,Melina,Le Marquand,mlemarquandn2@engadget.com,Female,228.196.141.84
832,Brock,Culmer,bculmern3@nbcnews.com,Male,151.71.7.97
833,Pauli,Coddington,pcoddingtonn4@wisc.edu,Female,87.68.62.111
834,Ray,Peatheyjohns,rpeatheyjohnsn5@marketwatch.com,Bigender,126.188.133.144
835,Clarie,Mewrcik,cmewrcikn6@shinystat.com,Female,189.252.254.182
836,Vanya,Hadlington,vhadlingtonn7@vinaora.com,Female,131.75.39.254
837,Sibyl,Bloore,sblooren8@columbia.edu,Male,122.87.197.254
838,Leslie,Batty,lbattyn9@ca.gov,Male,42.2.229.212
839,Leonardo,Manlow,lmanlowna@java.com,Male,184.154.28.104
840,Alick,Lardier,alardiernb@webeden.co.uk,Male,23.207.46.110
841,Francene,Everett,feverettnc@surveymonkey.com,Female,219.18.252.118
842,Sarena,Gatchell,sgatchellnd@csmonitor.com,Female,77.203.125.32
843,Darius,Cabrara,dcabrarane@amazonaws.com,Male,16.200.119.77
844,Jolee,Ilyinykh,jilyinykhnf@friendfeed.com,Female,111.180.176.223
845,Michale,Lardnar,mlardnarng@imageshack.us,Male,227.75.82.196
846,Carlota,Ferrero,cferreronh@seattletimes.com,Female,250.16.187.183
847,Morna,Ronaghan,mronaghanni@aol.com,Female,181.114.63.143
848,Reggy,Cato,rcatonj@alexa.com,Male,20.103.118.152
849,Gus,Sunock,gsunocknk@independent.co.uk,Male,70.219.64.71
850,Kristoforo,Nottingham,knottinghamnl@psu.edu,Polygender,186.88.1.173
851,Edi,Jordeson,ejordesonnm@oracle.com,Genderqueer,220.217.186.36
852,Camilla,Cozins,ccozinsnn@wp.com,Bigender,48.22.0.160
853,Minnie,Caig,mcaigno@skype.com,Female,22.139.162.12
854,Karylin,Bussens,kbussensnp@webeden.co.uk,Female,96.179.133.173
855,Devy,Readshall,dreadshallnq@webeden.co.uk,Male,225.2.37.91
856,Onfre,Morrish,omorrishnr@topsy.com,Male,100.244.207.184
857,Dolph,O'Rourke,dorourkens@sohu.com,Genderfluid,61.93.76.234
858,Cecilla,Maseyk,cmaseyknt@artisteer.com,Female,185.245.184.107
859,Aguistin,Clother,aclothernu@w3.org,Male,132.19.164.119
860,Adrian,Blas,ablasnv@cdc.gov,Male,167.192.26.151
861,Betteanne,Trippick,btrippicknw@boston.com,Female,198.254.60.202
862,Conroy,Denial,cdenialnx@deliciousdays.com,Male,223.129.29.230
863,Mirilla,Cassey,mcasseyny@quantcast.com,Polygender,155.165.183.163
864,Steve,Abramino,sabraminonz@oracle.com,Male,181.66.202.208
865,Kassandra,Simonazzi,ksimonazzio0@ebay.com,Female,52.94.49.15
866,Arlee,Davitti,adavittio1@marketwatch.com,Female,45.142.36.108
867,Orin,Naptin,onaptino2@joomla.org,Male,40.132.236.87
868,Arabella,Conochie,aconochieo3@weather.com,Female,103.171.162.32
869,Fremont,Korneev,fkorneevo4@twitpic.com,Male,211.23.21.3
870,Vittoria,Reddish,vreddisho5@acquirethisname.com,Female,66.128.47.25
871,Thia,Hobson,thobsono6@4shared.com,Female,10.243.143.140
872,Curt,Paridge,cparidgeo7@netlog.com,Male,223.111.245.240
873,Lettie,Esslemont,lesslemonto8@theglobeandmail.com,Female,90.52.138.150
874,Creigh,Voyce,cvoyceo9@nytimes.com,Male,89.222.46.131
875,Marci,Rubenczyk,mrubenczykoa@opera.com,Female,204.97.234.108
876,Felike,Morin,fmorinob@apple.com,Male,198.136.99.22
877,Ellie,Feavearyear,efeavearyearoc@youku.com,Female,103.93.177.218
878,Claudina,McDonell,cmcdonellod@woothemes.com,Female,25.58.211.180
879,Noami,Bairstow,nbairstowoe@vimeo.com,Female,90.180.226.74
880,Leonerd,Lorking,llorkingof@utexas.edu,Male,11.249.54.146
881,Viva,Schuricht,vschurichtog@princeton.edu,Female,3.214.145.21
882,Troy,Tousey,ttouseyoh@networkadvertising.org,Male,84.215.239.129
883,Kermit,Jullian,kjullianoi@hao123.com,Male,164.87.67.213
884,Arleta,Littlewood,alittlewoodoj@cbc.ca,Female,114.30.77.6
885,Roger,Van Brug,rvanbrugok@ucoz.ru,Male,212.102.224.193
886,Odele,Byrne,obyrneol@archive.org,Female,93.232.190.240
887,Theobald,Cubbin,tcubbinom@macromedia.com,Agender,38.180.37.150
888,Stan,Horsley,shorsleyon@hatena.ne.jp,Male,55.76.65.15
889,Sissy,Drage,sdrageoo@networkadvertising.org,Polygender,80.61.123.175
890,Mina,Birkett,mbirkettop@bloomberg.com,Genderfluid,220.135.18.85
891,Alisha,Goose,agooseoq@fda.gov,Female,225.52.230.66
892,Land,Pigram,lpigramor@altervista.org,Non-binary,20.157.140.157
893,Marja,Goodliff,mgoodliffos@blinklist.com,Female,170.53.168.63
894,Bibbie,Baxstar,bbaxstarot@noaa.gov,Female,42.76.78.131
895,Corbin,Dawidsohn,cdawidsohnou@mapquest.com,Male,43.100.68.113
896,Kat,Ericssen,kericssenov@nasa.gov,Female,153.196.1.236
897,Moises,Mewe,mmeweow@hexun.com,Male,134.177.200.112
898,Alfy,Bute,abuteox@php.net,Male,26.128.24.38
899,Jeddy,Spivie,jspivieoy@desdev.cn,Male,139.110.45.227
900,Cooper,Beacom,cbeacomoz@artisteer.com,Male,193.101.179.207
901,Tally,Mendes,tmendesp0@yale.edu,Genderqueer,120.229.195.128
902,Ashleigh,Allsepp,aallseppp1@globo.com,Female,129.136.110.248
903,Bary,Jezard,bjezardp2@indiatimes.com,Male,141.222.107.140
904,Gibbie,Mearns,gmearnsp3@bing.com,Male,219.14.120.148
905,Corry,Crosfeld,ccrosfeldp4@sourceforge.net,Female,55.170.19.177
906,Nat,Glenwright,nglenwrightp5@tripadvisor.com,Male,46.1.24.136
907,Layney,Blackham,lblackhamp6@mozilla.com,Female,248.151.110.162
908,Hilarius,Yurlov,hyurlovp7@bloglovin.com,Male,95.79.57.8
909,Catlin,Dulin,cdulinp8@php.net,Female,187.207.37.180
910,Hilliary,Dexter,hdexterp9@dyndns.org,Female,14.22.242.103
911,Byram,Paramor,bparamorpa@qq.com,Male,88.228.27.189
912,Devan,Tombleson,dtomblesonpb@istockphoto.com,Female,4.54.23.85
913,Noak,Grose,ngrosepc@noaa.gov,Male,218.236.201.133
914,Heath,Cellier,hcellierpd@hibu.com,Male,134.111.10.146
915,Zeke,Iddons,ziddonspe@ebay.co.uk,Male,11.63.236.3
916,Korie,Mealham,kmealhampf@people.com.cn,Female,255.166.186.197
917,Anatole,Buckles,abucklespg@ted.com,Non-binary,168.164.115.209
918,Pernell,Acum,pacumph@so-net.ne.jp,Agender,70.36.41.87
919,Reilly,Bartolomeo,rbartolomeopi@goo.ne.jp,Male,16.75.190.198
920,Redd,Baldin,rbaldinpj@sakura.ne.jp,Male,90.71.5.27
921,Anett,Pittwood,apittwoodpk@comsenz.com,Female,139.117.153.198
922,Alva,Sibbald,asibbaldpl@wiley.com,Male,112.244.162.11
923,Benedicta,Binks,bbinkspm@sciencedaily.com,Female,71.54.234.102
924,Cynthy,Josham,cjoshampn@4shared.com,Female,113.139.97.23
925,Hollie,Brimacombe,hbrimacombepo@sun.com,Female,96.76.239.29
926,Merry,Mattiazzo,mmattiazzopp@arstechnica.com,Male,2.138.223.156
927,Lita,Reckus,lreckuspq@disqus.com,Female,143.228.217.138
928,Charmain,Smallcombe,csmallcombepr@cdbaby.com,Female,24.18.238.76
929,Emmye,Barclay,ebarclayps@dailymail.co.uk,Female,71.206.162.71
930,Ludwig,Gillise,lgillisept@rambler.ru,Male,38.168.204.50
931,Penrod,Sayle,psaylepu@opera.com,Male,239.224.74.212
932,Pippy,Pentecust,ppentecustpv@edublogs.org,Female,112.139.119.255
933,Chantalle,McLuckie,cmcluckiepw@yellowpages.com,Female,89.55.208.135
934,Doro,Dodell,ddodellpx@imdb.com,Female,22.135.173.232
935,Leslie,Cornier,lcornierpy@ebay.com,Male,84.15.143.70
936,Coreen,Fiddian,cfiddianpz@smh.com.au,Female,6.218.83.11
937,Germayne,Fromont,gfromontq0@merriam-webster.com,Male,239.64.5.126
938,Dalis,Holsey,dholseyq1@imageshack.us,Polygender,142.122.237.31
939,Jessy,Capron,jcapronq2@rakuten.co.jp,Female,4.231.177.113
940,Mannie,Baldam,mbaldamq3@ezinearticles.com,Polygender,101.216.113.219
941,Karina,Montilla,kmontillaq4@eventbrite.com,Female,102.90.247.200
942,Mari,Pinson,mpinsonq5@purevolume.com,Female,71.117.77.213
943,Clair,Beushaw,cbeushawq6@adobe.com,Genderqueer,154.128.25.18
944,Marlie,Wyard,mwyardq7@addthis.com,Female,130.57.171.6
945,Zsazsa,Kienlein,zkienleinq8@guardian.co.uk,Female,92.234.78.119
946,Morgan,Cuttings,mcuttingsq9@google.pl,Female,90.22.219.2
947,Adela,Stockley,astockleyqa@blinklist.com,Female,85.47.187.46
948,Romain,Bierling,rbierlingqb@spotify.com,Male,13.253.184.227
949,Isidore,Cayle,icayleqc@gnu.org,Male,199.62.251.54
950,Marcille,Enrrico,menrricoqd@storify.com,Female,60.153.89.81
951,Alicia,Wanka,awankaqe@surveymonkey.com,Female,244.116.135.28
952,Rubi,Paumier,rpaumierqf@oaic.gov.au,Female,200.131.208.19
953,Tabbie,Mabbutt,tmabbuttqg@fastcompany.com,Male,54.23.238.254
954,Gretchen,Cescoti,gcescotiqh@hexun.com,Female,30.162.243.175
955,Astrid,Lindenfeld,alindenfeldqi@webmd.com,Female,108.67.238.118
956,Wenonah,Eneas,weneasqj@qq.com,Female,142.161.93.112
957,Redford,Sucre,rsucreqk@cbslocal.com,Male,104.46.206.1
958,Glenden,Del Castello,gdelcastelloql@thetimes.co.uk,Male,184.203.132.241
959,Tallulah,Walbridge,twalbridgeqm@tripadvisor.com,Female,30.35.71.242
960,Tobe,Colthard,tcolthardqn@wordpress.org,Male,158.52.19.196
961,Paulie,Hamberstone,phamberstoneqo@qq.com,Female,249.4.142.125
962,Elias,Just,ejustqp@netvibes.com,Male,125.25.246.20
963,Tedd,McIlvenny,tmcilvennyqq@adobe.com,Bigender,64.215.143.162
964,Amabelle,Flanaghan,aflanaghanqr@live.com,Female,165.237.77.255
965,Kitty,Edmondson,kedmondsonqs@printfriendly.com,Female,132.68.70.42
966,Mandy,Kibbye,mkibbyeqt@google.co.jp,Genderfluid,159.163.96.244
967,Gill,Clemas,gclemasqu@nasa.gov,Male,64.144.191.102
968,Manuel,Saby,msabyqv@si.edu,Genderqueer,217.39.165.16
969,Hube,Yantsev,hyantsevqw@shinystat.com,Male,216.64.164.219
970,Mercy,Licciardi,mlicciardiqx@ebay.com,Female,61.8.179.139
971,Lurleen,Creggan,lcregganqy@google.co.jp,Female,78.3.116.245
972,Anderson,Whatley,awhatleyqz@geocities.jp,Male,90.63.3.95
973,Benedicta,Bertelsen,bbertelsenr0@issuu.com,Female,96.6.127.68
974,Bruis,Ralfe,bralfer1@google.com,Male,83.195.118.63
975,Cris,Beades,cbeadesr2@gizmodo.com,Female,34.144.100.106
976,Dav,Fitton,dfittonr3@diigo.com,Male,113.169.252.228
977,Albertina,Blackham,ablackhamr4@networkadvertising.org,Non-binary,98.90.151.57
978,Sofie,Grolmann,sgrolmannr5@japanpost.jp,Female,139.231.12.98
979,Tabby,Hooks,thooksr6@digg.com,Bigender,5.82.138.162
980,Zea,Caramuscia,zcaramusciar7@seesaa.net,Female,104.125.53.245
981,Deena,Scampion,dscampionr8@google.ca,Female,99.21.161.141
982,Morgan,Nares,mnaresr9@nyu.edu,Female,215.202.123.166
983,Clark,Burdis,cburdisra@jugem.jp,Male,214.80.35.160
984,Reginald,Scarr,rscarrrb@cdbaby.com,Male,78.82.69.147
985,Silvanus,Sharplin,ssharplinrc@china.com.cn,Male,77.189.160.130
986,Shanie,Orrobin,sorrobinrd@phoca.cz,Female,25.146.133.205
987,Caritta,Rossbrooke,crossbrookere@studiopress.com,Female,76.203.112.117
988,Row,Bettison,rbettisonrf@yahoo.co.jp,Female,124.194.167.131
989,Cooper,McCorry,cmccorryrg@amazon.com,Male,16.231.132.29
990,Zahara,McKennan,zmckennanrh@goo.gl,Female,172.15.21.10
991,Niles,Witchalls,nwitchallsri@squidoo.com,Genderfluid,163.197.167.66
992,Glenna,Remington,gremingtonrj@disqus.com,Female,199.31.44.30
993,Dimitry,Ivanyushin,divanyushinrk@dagondesign.com,Non-binary,169.125.161.18
994,Maddalena,Beaze,mbeazerl@miitbeian.gov.cn,Female,119.19.237.32
995,Barde,Charlewood,bcharlewoodrm@jiathis.com,Genderqueer,74.230.32.220
996,Alleyn,Tredinnick,atredinnickrn@indiatimes.com,Male,204.190.138.221
997,Sibley,McCerery,smccereryro@digg.com,Female,112.234.181.243
998,Trey,Pordall,tpordallrp@ning.com,Male,166.193.77.217
999,Alejandra,Barnsdale,abarnsdalerq@fda.gov,Female,8.164.220.227
1000,Rosamund,McNalley,rmcnalleyrr@livejournal.com,Female,213.116.63.93
